title,company,location
"Software Engineer, University Graduate, 2025",Google,"Bengaluru, Karnataka, India"
"Software Engineer, University Graduate, 2025",Google,Mumbai Metropolitan Region
"Software Engineer, University Graduate, 2025",Google,"Pune, Maharashtra, India"
"Software Engineer, University Graduate, 2025",Google,"Gurgaon, Haryana, India"
"Software Engineer, University Graduate, 2025",Google,"Hyderabad, Telangana, India"
SDE 1 - Backend,Jar,"Bengaluru, Karnataka, India"
SDE 1 - Backend,Jar,"Bengaluru, Karnataka, India"
"Software Engineer, Core",Google,"Bengaluru, Karnataka, India"
"Software Engineer, Payments",Google,"Bengaluru, Karnataka, India"
Software Engineer I,Microsoft,"Bengaluru, Karnataka, India"
